{
  "glyphs": {
    "0": {
      "ha": 582,
      "x_min": 0,
      "x_max": 435,
      "o": "m 435 -1 l 0 -1 l 0 725 l 435 725 l 435 -1 m 286 582 l 143 582 l 143 147 l 286 147 l 286 582 z "
    },
    "1": {
      "ha": 568,
      "x_min": 1,
      "x_max": 436,
      "o": "m 436 146 l 436 3 l 1 3 l 1 146 l 150 146 l 150 581 l 1 581 l 1 728 l 293 728 l 293 146 l 436 146 z "
    },
    "2": {
      "ha": 565,
      "x_min": -1,
      "x_max": 433,
      "o": "m 433 290 l 147 290 l 147 142 l 433 142 l 433 -1 l -1 -1 l -1 433 l 290 433 l 290 576 l -1 576 l -1 725 l 433 725 l 433 290 z "
    },
    "3": {
      "ha": 579,
      "x_min": -1,
      "x_max": 433,
      "o": "m 433 -1 l -1 -1 l -1 142 l 285 142 l 285 290 l 142 290 l 142 433 l 285 433 l 285 576 l -1 576 l -1 725 l 433 725 l 433 -1 z "
    },
    "4": {
      "ha": 593,
      "x_min": 1,
      "x_max": 440,
      "o": "m 440 -1 l 293 -1 l 293 290 l 1 290 l 1 725 l 150 725 l 150 433 l 293 433 l 293 725 l 440 725 l 440 -1 z "
    },
    "5": {
      "ha": 594,
      "x_min": 1,
      "x_max": 440,
      "o": "m 440 -1 l 1 -1 l 1 142 l 293 142 l 293 290 l 1 290 l 1 725 l 440 725 l 440 576 l 150 576 l 150 433 l 440 433 l 440 -1 z "
    },
    "6": {
      "ha": 593,
      "x_min": 0,
      "x_max": 435,
      "o": "m 435 -1 l 0 -1 l 0 725 l 435 725 l 435 576 l 149 576 l 149 433 l 435 433 l 435 -1 m 292 290 l 149 290 l 149 142 l 292 142 l 292 290 z "
    },
    "7": {
      "ha": 579,
      "x_min": -14,
      "x_max": 426,
      "o": "m 426 0 l 278 0 l 278 292 l 135 292 l 135 435 l 278 435 l 278 578 l -14 578 l -14 726 l 426 726 l 426 0 z "
    },
    "8": {
      "ha": 582,
      "x_min": 1,
      "x_max": 436,
      "o": "m 436 -1 l 1 -1 l 1 725 l 436 725 l 436 -1 m 293 290 l 144 290 l 144 142 l 293 142 l 293 290 m 293 576 l 144 576 l 144 433 l 293 433 l 293 576 z "
    },
    "9": {
      "ha": 585,
      "x_min": -1,
      "x_max": 433,
      "o": "m 433 1 l -1 1 l -1 144 l 285 144 l 285 293 l -1 293 l -1 726 l 433 726 l 433 1 m 285 436 l 285 579 l 142 579 l 142 436 l 285 436 z "
    },
    "\u0000": {
      "ha": 0,
      "x_min": 0,
      "x_max": 0,
      "o": ""
    },
    "\r": {
      "ha": 476,
      "x_min": 0,
      "x_max": 0,
      "o": ""
    },
    " ": {
      "ha": 476,
      "x_min": 0,
      "x_max": 0,
      "o": ""
    },
    "H": {
      "ha": 874,
      "x_min": 0,
      "x_max": 726,
      "o": "m 726 726 l 726 1 l 583 1 l 583 293 l 149 293 l 149 1 l 0 1 l 0 726 l 149 726 l 149 436 l 583 436 l 583 726 l 726 726 z "
    },
    "I": {
      "ha": 750,
      "x_min": 0,
      "x_max": 599,
      "o": "m 371 583 l 371 149 l 599 149 l 599 0 l 0 0 l 0 149 l 228 149 l 228 583 l 0 583 l 0 726 l 599 726 l 599 583 l 371 583 z "
    },
    "J": {
      "ha": 757,
      "x_min": 0,
      "x_max": 599,
      "o": "m 599 0 l 0 0 l 0 149 l 450 149 l 450 583 l 228 583 l 228 726 l 599 726 l 599 0 z "
    },
    "K": {
      "ha": 869,
      "x_min": 0,
      "x_max": 726,
      "o": "m 465 363 l 726 103 l 726 0 l 624 0 l 332 286 l 149 286 l 149 0 l 0 0 l 0 726 l 149 726 l 149 435 l 332 435 l 624 726 l 726 726 l 726 618 l 465 363 z "
    },
    "L": {
      "ha": 743,
      "x_min": 0,
      "x_max": 599,
      "o": "m 599 0 l 0 0 l 0 726 l 143 726 l 143 143 l 599 143 l 599 0 z "
    },
    "M": {
      "ha": 869,
      "x_min": 0,
      "x_max": 726,
      "o": "m 726 726 l 726 0 l 583 0 l 583 475 l 363 261 l 149 475 l 149 0 l 0 0 l 0 726 l 107 726 l 363 465 l 624 726 l 726 726 z "
    },
    "N": {
      "ha": 871,
      "x_min": 0,
      "x_max": 721,
      "o": "m 721 726 l 721 0 l 578 0 l 143 499 l 143 0 l 0 0 l 0 726 l 143 726 l 578 228 l 578 726 l 721 726 z "
    },
    "O": {
      "ha": 886,
      "x_min": 0,
      "x_max": 726,
      "o": "m 726 0 l 0 0 l 0 726 l 726 726 l 726 0 m 583 583 l 149 583 l 149 149 l 583 149 l 583 583 z "
    },
    "P": {
      "ha": 874,
      "x_min": 0,
      "x_max": 726,
      "o": "m 726 292 l 143 292 l 143 0 l 0 0 l 0 726 l 726 726 l 726 292 m 578 578 l 143 578 l 143 435 l 578 435 l 578 578 z "
    },
    "Q": {
      "ha": 892,
      "x_min": 0,
      "x_max": 726,
      "o": "m 726 0 l 0 0 l 0 726 l 726 726 l 726 0 m 143 143 l 475 143 l 301 317 l 404 419 l 578 246 l 578 578 l 143 578 l 143 143 z "
    },
    "R": {
      "ha": 874,
      "x_min": 0,
      "x_max": 726,
      "o": "m 726 726 l 726 286 l 536 286 l 726 103 l 726 0 l 618 0 l 332 286 l 143 286 l 143 0 l 0 0 l 0 726 l 726 726 m 578 578 l 143 578 l 143 435 l 578 435 l 578 578 z "
    },
    "S": {
      "ha": 874,
      "x_min": 1,
      "x_max": 722,
      "o": "m 144 578 l 144 435 l 722 435 l 722 0 l 1 0 l 1 143 l 579 143 l 579 286 l 1 286 l 1 721 l 722 721 l 722 578 l 144 578 z "
    },
    "T": {
      "ha": 721,
      "x_min": 0,
      "x_max": 721,
      "o": "m 721 578 l 435 578 l 435 0 l 286 0 l 286 578 l 0 578 l 0 726 l 721 726 l 721 578 z "
    },
    "U": {
      "ha": 881,
      "x_min": 0,
      "x_max": 726,
      "o": "m 726 0 l 0 0 l 0 726 l 149 726 l 149 143 l 583 143 l 583 726 l 726 726 l 726 0 z "
    },
    "V": {
      "ha": 857,
      "x_min": 1,
      "x_max": 726,
      "o": "m 726 286 l 467 0 l 263 0 l 1 286 l 1 726 l 150 726 l 150 378 l 364 143 l 583 378 l 583 726 l 726 726 l 726 286 z "
    },
    "W": {
      "ha": 881,
      "x_min": 0,
      "x_max": 726,
      "o": "m 726 726 l 726 0 l 624 0 l 363 261 l 103 0 l 0 0 l 0 726 l 149 726 l 149 246 l 363 465 l 583 246 l 583 726 l 726 726 z "
    },
    "X": {
      "ha": 850,
      "x_min": 0,
      "x_max": 721,
      "o": "m 465 363 l 721 103 l 721 0 l 618 0 l 358 261 l 103 0 l 0 0 l 0 103 l 256 363 l 0 624 l 0 726 l 103 726 l 358 465 l 618 726 l 721 726 l 721 624 l 465 363 z "
    },
    "Y": {
      "ha": 886,
      "x_min": 0,
      "x_max": 726,
      "o": "m 726 219 l 481 0 l 363 0 l 363 97 l 506 219 l 0 219 l 0 726 l 149 726 l 149 363 l 578 363 l 578 726 l 726 726 l 726 219 z "
    },
    "Z": {
      "ha": 868,
      "x_min": 1,
      "x_max": 726,
      "o": "m 726 654 l 264 143 l 726 143 l 726 0 l 1 0 l 1 67 l 471 578 l 1 578 l 1 721 l 726 721 l 726 654 z "
    },
    "[": {
      "ha": 457,
      "x_min": 0,
      "x_max": 292,
      "o": "m 143 721 l 143 0 l 292 0 l 292 -149 l 0 -149 l 0 869 l 292 869 l 292 721 l 143 721 z "
    },
    "\"": {
      "ha": 458,
      "x_min": -1,
      "x_max": 351,
      "o": "m 351 836 l 279 621 l 208 621 l 208 836 l 351 836 m -1 836 l 142 836 l 71 621 l -1 621 l -1 836 z "
    },
    "a": {
      "ha": 728,
      "x_min": 0,
      "x_max": 583,
      "o": "m 583 579 l 583 1 l 0 1 l 0 349 l 435 349 l 435 443 l 0 443 l 0 579 l 583 579 m 435 131 l 435 131 l 435 231 l 149 231 l 149 131 l 435 131 z "
    },
    "b": {
      "ha": 738,
      "x_min": 0,
      "x_max": 578,
      "o": "m 578 583 l 578 0 l 0 0 l 0 768 l 143 768 l 143 583 l 578 583 m 435 435 l 143 435 l 143 149 l 435 149 l 435 435 z "
    },
    "c": {
      "ha": 729,
      "x_min": 0,
      "x_max": 583,
      "o": "m 149 436 l 149 150 l 583 150 l 583 1 l 0 1 l 0 583 l 583 583 l 583 436 l 149 436 z "
    },
    "d": {
      "ha": 726,
      "x_min": 0,
      "x_max": 583,
      "o": "m 583 771 l 583 0 l 0 0 l 0 578 l 435 578 l 435 771 l 583 771 m 435 143 l 435 435 l 143 435 l 143 143 l 435 143 z "
    },
    "e": {
      "ha": 726,
      "x_min": 0,
      "x_max": 583,
      "o": "m 0 579 l 583 579 l 583 232 l 149 232 l 149 138 l 583 138 l 583 1 l 0 1 l 0 579 m 149 350 l 435 350 l 435 450 l 149 450 l 149 350 z "
    },
    "f": {
      "ha": 550,
      "x_min": 0,
      "x_max": 435,
      "o": "m 149 358 l 435 358 l 435 215 l 149 215 l 149 0 l 0 0 l 0 724 l 435 724 l 435 581 l 149 581 l 149 358 z "
    },
    "g": {
      "ha": 726,
      "x_min": 0,
      "x_max": 578,
      "o": "m 578 -237 l 0 -237 l 0 -94 l 435 -94 l 435 0 l 0 0 l 0 578 l 578 578 l 578 -237 m 435 143 l 435 435 l 143 435 l 143 143 l 435 143 z "
    },
    "h": {
      "ha": 726,
      "x_min": 0,
      "x_max": 578,
      "o": "m 578 578 l 578 0 l 435 0 l 435 435 l 143 435 l 143 0 l 0 0 l 0 785 l 143 785 l 143 578 l 578 578 z "
    },
    "i": {
      "ha": 292,
      "x_min": 0,
      "x_max": 143,
      "o": "m 143 764 l 143 651 l 0 651 l 0 764 l 143 764 m 0 569 l 143 569 l 143 0 l 0 0 l 0 569 z "
    },
    "j": {
      "ha": 289,
      "x_min": -164,
      "x_max": 143,
      "o": "m 0 571 l 143 571 l 143 -218 l -164 -218 l -164 -75 l 0 -75 l 0 571 m 143 761 l 143 653 l 0 653 l 0 761 l 143 761 z "
    },
    "k": {
      "ha": 663,
      "x_min": 0,
      "x_max": 578,
      "o": "m 363 292 l 578 72 l 578 0 l 444 0 l 231 215 l 143 215 l 143 0 l 0 0 l 0 765 l 143 765 l 143 363 l 231 363 l 450 578 l 578 578 l 578 506 l 363 292 z "
    },
    "l": {
      "ha": 283,
      "x_min": 0,
      "x_max": 143,
      "o": "m 143 0 l 0 0 l 0 764 l 143 764 l 143 0 z "
    },
    "m": {
      "ha": 876,
      "x_min": 0,
      "x_max": 726,
      "o": "m 726 578 l 726 0 l 578 0 l 578 435 l 435 435 l 435 0 l 292 0 l 292 435 l 143 435 l 143 0 l 0 0 l 0 578 l 726 578 z "
    },
    "n": {
      "ha": 726,
      "x_min": 0,
      "x_max": 578,
      "o": "m 578 578 l 578 0 l 435 0 l 435 435 l 143 435 l 143 0 l 0 0 l 0 578 l 578 578 z "
    },
    "o": {
      "ha": 732,
      "x_min": 0,
      "x_max": 583,
      "o": "m 583 578 l 583 0 l 0 0 l 0 578 l 583 578 m 435 435 l 149 435 l 149 143 l 435 143 l 435 435 z "
    },
    "p": {
      "ha": 726,
      "x_min": 0,
      "x_max": 578,
      "o": "m 578 0 l 143 0 l 143 -219 l 0 -219 l 0 578 l 578 578 l 578 0 m 435 435 l 143 435 l 143 143 l 435 143 l 435 435 z "
    },
    "q": {
      "ha": 743,
      "x_min": 0,
      "x_max": 583,
      "o": "m 583 -237 l 435 -237 l 435 0 l 0 0 l 0 578 l 583 578 l 583 -237 m 435 143 l 435 435 l 149 435 l 149 143 l 435 143 z "
    },
    "r": {
      "ha": 586,
      "x_min": 0,
      "x_max": 456,
      "o": "m 456 578 l 456 292 l 307 292 l 307 435 l 149 435 l 149 0 l 0 0 l 0 578 l 456 578 z "
    },
    "s": {
      "ha": 726,
      "x_min": 0,
      "x_max": 583,
      "o": "m 149 347 l 583 347 l 583 0 l 0 0 l 0 131 l 435 131 l 435 231 l 0 231 l 0 578 l 583 578 l 583 443 l 149 443 l 149 347 z "
    },
    "t": {
      "ha": 582,
      "x_min": 0,
      "x_max": 435,
      "o": "m 143 435 l 143 143 l 435 143 l 435 0 l 0 0 l 0 767 l 143 767 l 143 578 l 435 578 l 435 435 l 143 435 z "
    },
    "u": {
      "ha": 724,
      "x_min": 0,
      "x_max": 578,
      "o": "m 578 0 l 0 0 l 0 578 l 143 578 l 143 143 l 435 143 l 435 578 l 578 578 l 578 0 z "
    },
    "v": {
      "ha": 665,
      "x_min": -10,
      "x_max": 567,
      "o": "m 567 497 l 351 0 l 203 0 l -10 497 l -10 583 l 119 583 l 279 197 l 436 583 l 567 583 l 567 497 z "
    },
    "w": {
      "ha": 874,
      "x_min": 0,
      "x_max": 726,
      "o": "m 726 578 l 726 0 l 0 0 l 0 578 l 143 578 l 143 143 l 292 143 l 292 578 l 435 578 l 435 143 l 578 143 l 578 578 l 726 578 z "
    },
    "x": {
      "ha": 707,
      "x_min": 0,
      "x_max": 583,
      "o": "m 393 292 l 583 103 l 583 0 l 481 0 l 292 189 l 103 0 l 0 0 l 0 103 l 189 292 l 0 475 l 0 578 l 103 578 l 292 393 l 481 578 l 583 578 l 583 475 l 393 292 z "
    },
    "y": {
      "ha": 724,
      "x_min": 0,
      "x_max": 578,
      "o": "m 578 0 l 336 -239 l 224 -239 l 224 -146 l 375 0 l 0 0 l 0 578 l 143 578 l 143 143 l 435 143 l 435 578 l 578 578 l 578 0 z "
    },
    "z": {
      "ha": 732,
      "x_min": 1,
      "x_max": 583,
      "o": "m 583 579 l 583 476 l 251 144 l 583 144 l 583 1 l 1 1 l 1 104 l 333 436 l 1 436 l 1 579 l 583 579 z "
    },
    ":": {
      "ha": 279,
      "x_min": 0,
      "x_max": 143,
      "o": "m 143 578 l 143 435 l 0 435 l 0 578 l 143 578 m 0 143 l 143 143 l 143 0 l 0 0 l 0 143 z "
    },
    "±": {
      "ha": 583,
      "x_min": 1,
      "x_max": 436,
      "o": "m 436 631 l 436 488 l 293 488 l 293 339 l 144 339 l 144 488 l 1 488 l 1 631 l 144 631 l 144 774 l 293 774 l 293 631 l 436 631 m 1 196 l 436 196 l 436 53 l 1 53 l 1 196 z "
    },
    "¡": {
      "ha": 290,
      "x_min": 0,
      "x_max": 143,
      "o": "m 143 506 l 143 0 l 0 0 l 0 506 l 143 506 m 143 649 l 0 649 l 0 797 l 143 797 l 143 649 z "
    },
    "!": {
      "ha": 301,
      "x_min": 0,
      "x_max": 143,
      "o": "m 143 290 l 0 290 l 0 801 l 143 801 l 143 290 m 143 147 l 143 4 l 0 4 l 0 147 l 143 147 z "
    },
    "@": {
      "ha": 956,
      "x_min": 0,
      "x_max": 797,
      "o": "m 797 218 l 215 218 l 215 510 l 578 510 l 578 290 l 649 290 l 649 582 l 143 582 l 143 147 l 649 147 l 649 -1 l 0 -1 l 0 725 l 797 725 l 797 218 m 363 290 l 435 290 l 435 439 l 363 439 l 363 290 z "
    },
    "?": {
      "ha": 736,
      "x_min": -1,
      "x_max": 582,
      "o": "m 582 363 l 361 363 l 361 219 l 218 219 l 218 511 l 433 511 l 433 654 l 147 654 l 147 583 l -1 583 l -1 797 l 582 797 l 582 363 m 218 149 l 361 149 l 361 0 l 218 0 l 218 149 z "
    },
    "#": {
      "ha": 871,
      "x_min": 0,
      "x_max": 726,
      "o": "m 578 435 l 578 286 l 726 286 l 726 143 l 578 143 l 578 0 l 435 0 l 435 143 l 292 143 l 292 0 l 143 0 l 143 143 l 0 143 l 0 286 l 143 286 l 143 435 l 0 435 l 0 578 l 143 578 l 143 721 l 292 721 l 292 578 l 435 578 l 435 721 l 578 721 l 578 578 l 726 578 l 726 435 l 578 435 m 435 435 l 292 435 l 292 286 l 435 286 l 435 435 z "
    },
    "$": {
      "ha": 725,
      "x_min": -1,
      "x_max": 582,
      "o": "m 326 576 l 326 433 l 582 433 l 582 -1 l 326 -1 l 326 -83 l 254 -83 l 254 -1 l -1 -1 l -1 142 l 254 142 l 254 285 l -1 285 l -1 725 l 254 725 l 254 786 l 326 786 l 326 725 l 582 725 l 582 576 l 326 576 m 326 285 l 326 142 l 433 142 l 433 285 l 326 285 m 254 576 l 147 576 l 147 433 l 254 433 l 254 576 z "
    },
    "%": {
      "ha": 886,
      "x_min": 1,
      "x_max": 722,
      "o": "m 722 719 l 722 617 l 104 -1 l 1 -1 l 1 101 l 619 719 l 722 719 m 215 504 l 1 504 l 1 719 l 215 719 l 215 504 m 507 214 l 722 214 l 722 -1 l 507 -1 l 507 214 z "
    },
    "ˆ": {
      "ha": 443,
      "x_min": -1,
      "x_max": 311,
      "o": "m 199 836 l 311 783 l 311 701 l 264 701 l 151 758 l 44 701 l -1 701 l -1 783 l 111 836 l 199 836 z "
    },
    "&": {
      "ha": 879,
      "x_min": 0,
      "x_max": 726,
      "o": "m 654 286 l 654 0 l 0 0 l 0 435 l 149 435 l 149 721 l 511 721 l 511 578 l 292 578 l 292 435 l 511 435 l 511 506 l 654 506 l 654 435 l 726 435 l 726 286 l 654 286 m 511 286 l 149 286 l 149 143 l 511 143 l 511 286 z "
    },
    "·": {
      "ha": 471,
      "x_min": 0,
      "x_max": 292,
      "o": "m 292 217 l 0 217 l 0 508 l 292 508 l 292 217 z "
    },
    "*": {
      "ha": 571,
      "x_min": 1,
      "x_max": 436,
      "o": "m 436 331 l 324 218 l 436 101 l 436 -1 l 333 -1 l 221 117 l 104 -1 l 1 -1 l 1 101 l 119 218 l 1 331 l 1 433 l 104 433 l 221 321 l 333 433 l 436 433 l 436 331 z "
    },
    "+": {
      "ha": 721,
      "x_min": -3,
      "x_max": 581,
      "o": "m 581 214 l 360 214 l 360 -1 l 217 -1 l 217 214 l -3 214 l -3 361 l 217 361 l 217 576 l 360 576 l 360 361 l 581 361 l 581 214 z "
    },
    "(": {
      "ha": 406,
      "x_min": 0,
      "x_max": 276,
      "o": "m 143 667 l 143 0 l 276 -133 l 276 -204 l 143 -204 l 0 -61 l 0 728 l 143 871 l 276 871 l 276 800 l 143 667 z "
    },
    ")": {
      "ha": 417,
      "x_min": 0,
      "x_max": 281,
      "o": "m 281 728 l 281 -61 l 133 -204 l 0 -204 l 0 -132 l 133 0 l 133 667 l 0 799 l 0 871 l 133 871 l 281 728 z "
    },
    "_": {
      "ha": 792,
      "x_min": 0,
      "x_max": 651,
      "o": "m 0 -51 l 651 -51 l 651 -194 l 0 -194 l 0 -51 z "
    },
    ",": {
      "ha": 243,
      "x_min": -1,
      "x_max": 142,
      "o": "m -1 113 l 142 113 l 71 -103 l -1 -103 l -1 113 z "
    },
    "{": {
      "ha": 565,
      "x_min": 0,
      "x_max": 424,
      "o": "m 143 411 l 143 722 l 290 871 l 424 871 l 424 794 l 290 661 l 290 0 l 424 -133 l 424 -204 l 290 -204 l 143 -61 l 143 264 l 0 264 l 0 411 l 143 411 z "
    },
    "}": {
      "ha": 571,
      "x_min": 0,
      "x_max": 424,
      "o": "m 424 411 l 424 264 l 281 264 l 281 -61 l 133 -204 l 0 -204 l 0 -133 l 133 0 l 133 661 l 0 794 l 0 871 l 133 871 l 281 722 l 281 411 l 424 411 z "
    },
    "|": {
      "ha": 256,
      "x_min": -1,
      "x_max": 106,
      "o": "m 106 878 l 106 -154 l -1 -154 l -1 878 l 106 878 z "
    },
    ">": {
      "ha": 565,
      "x_min": -1,
      "x_max": 424,
      "o": "m 424 221 l 132 1 l -1 1 l -1 72 l 290 293 l -1 507 l -1 583 l 132 583 l 424 364 l 424 221 z "
    },
    "<": {
      "ha": 563,
      "x_min": 1,
      "x_max": 421,
      "o": "m 1 363 l 288 583 l 421 583 l 421 506 l 135 292 l 129 292 l 135 292 l 421 72 l 421 0 l 288 0 l 1 219 l 1 363 z "
    },
    "~": {
      "ha": 790,
      "x_min": 0,
      "x_max": 654,
      "o": "m 654 432 l 654 213 l 278 213 l 278 342 l 129 342 l 129 213 l 0 213 l 0 432 l 376 432 l 376 297 l 519 297 l 519 432 l 654 432 z "
    },
    "`": {
      "ha": 365,
      "x_min": 1,
      "x_max": 240,
      "o": "m 240 703 l 133 703 l 1 836 l 158 836 l 240 703 z "
    },
    "´": {
      "ha": 279,
      "x_min": 6,
      "x_max": 238,
      "o": "m 88 838 l 238 838 l 113 704 l 6 704 l 88 838 z "
    },
    "'": {
      "ha": 276,
      "x_min": 0,
      "x_max": 143,
      "o": "m 0 838 l 143 838 l 72 622 l 0 622 l 0 838 z "
    },
    "¯": {
      "ha": 575,
      "x_min": 1,
      "x_max": 436,
      "o": "m 1 914 l 436 914 l 436 771 l 1 771 l 1 914 z "
    },
    ".": {
      "ha": 279,
      "x_min": 0,
      "x_max": 143,
      "o": "m 143 0 l 0 0 l 0 143 l 143 143 l 143 0 z "
    },
    "/": {
      "ha": 649,
      "x_min": -1,
      "x_max": 619,
      "o": "m 119 -139 l -1 -139 l 494 878 l 619 878 l 119 -139 z "
    },
    "-": {
      "ha": 685,
      "x_min": 0,
      "x_max": 547,
      "o": "m 0 417 l 547 417 l 547 274 l 0 274 l 0 417 z "
    },
    ";": {
      "ha": 290,
      "x_min": 0,
      "x_max": 143,
      "o": "m 0 -1 l 72 -1 l 143 214 l 0 214 l 0 -1 m 143 433 l 0 433 l 0 576 l 143 576 l 143 433 z "
    },
    "=": {
      "ha": 740,
      "x_min": -1,
      "x_max": 582,
      "o": "m 582 531 l 582 382 l -1 382 l -1 531 l 582 531 m -1 311 l 582 311 l 582 168 l -1 168 l -1 311 z "
    },
    "\\": {
      "ha": 675,
      "x_min": 18,
      "x_max": 644,
      "o": "m 18 878 l 143 878 l 644 -139 l 519 -139 l 18 878 z "
    },
    "]": {
      "ha": 451,
      "x_min": 0,
      "x_max": 292,
      "o": "m 292 869 l 292 -149 l 0 -149 l 0 0 l 143 0 l 143 721 l 0 721 l 0 869 l 292 869 z "
    },
    "^": {
      "ha": 735,
      "x_min": 4,
      "x_max": 586,
      "o": "m 367 835 l 586 615 l 586 482 l 515 482 l 296 701 l 75 482 l 4 482 l 4 615 l 224 835 l 367 835 z "
    },
    "¶": {
      "ha": 706,
      "x_min": 1,
      "x_max": 579,
      "o": "m 364 871 l 364 1 l 215 1 l 215 507 l 1 507 l 1 871 l 364 871 m 579 871 l 579 1 l 436 1 l 436 871 l 579 871 z "
    },
    "µ": {
      "ha": 726,
      "x_min": 0,
      "x_max": 583,
      "o": "m 583 1 l 149 1 l 149 -142 l 0 -142 l 0 726 l 149 726 l 149 150 l 439 150 l 439 726 l 583 726 l 583 1 z "
    },
    "¢": {
      "ha": 728,
      "x_min": 0,
      "x_max": 583,
      "o": "m 353 435 l 353 149 l 583 149 l 583 0 l 353 0 l 353 -82 l 281 -82 l 281 0 l 0 0 l 0 583 l 281 583 l 281 644 l 353 644 l 353 583 l 583 583 l 583 435 l 353 435 m 281 435 l 143 435 l 143 149 l 281 149 l 281 435 z "
    },
    "˘": {
      "ha": 526,
      "x_min": 1,
      "x_max": 394,
      "o": "m 394 686 l 1 686 l 1 838 l 124 838 l 124 758 l 272 758 l 272 838 l 394 838 l 394 686 z "
    },
    "˙": {
      "ha": 297,
      "x_min": 0,
      "x_max": 149,
      "o": "m 149 836 l 149 693 l 0 693 l 0 836 l 149 836 z "
    },
    "˚": {
      "ha": 335,
      "x_min": 0,
      "x_max": 222,
      "o": "m 222 836 l 222 610 l 0 610 l 0 836 l 222 836 m 151 765 l 72 765 l 72 681 l 151 681 l 151 765 z "
    },
    "˝": {
      "ha": 586,
      "x_min": -1,
      "x_max": 351,
      "o": "m 351 833 l 279 618 l 208 618 l 208 833 l 351 833 m -1 833 l 142 833 l 71 618 l -1 618 l -1 833 z "
    },
    "˛": {
      "ha": 510,
      "x_min": 113,
      "x_max": 378,
      "o": "m 274 40 l 231 -90 l 378 -90 l 378 -178 l 113 -178 l 186 40 l 274 40 z "
    },
    "ˇ": {
      "ha": 426,
      "x_min": -1,
      "x_max": 311,
      "o": "m 111 701 l -1 754 l -1 836 l 44 836 l 151 779 l 264 836 l 311 836 l 311 754 l 199 701 l 111 701 z "
    },
    "‚": {
      "ha": 338,
      "x_min": 1,
      "x_max": 221,
      "o": "m 221 144 l 150 -142 l 72 -142 l 72 1 l 1 1 l 1 144 l 221 144 z "
    },
    "€": {
      "ha": 868,
      "x_min": 0,
      "x_max": 721,
      "o": "m 286 578 l 286 475 l 514 475 l 514 404 l 286 404 l 286 332 l 514 332 l 514 256 l 286 256 l 286 143 l 721 143 l 721 0 l 138 0 l 138 256 l 0 256 l 0 332 l 138 332 l 138 404 l 0 404 l 0 475 l 138 475 l 138 721 l 721 721 l 721 578 l 286 578 z "
    },
    "ƒ": {
      "ha": 600,
      "x_min": -119,
      "x_max": 457,
      "o": "m 238 644 l 238 429 l 386 429 l 386 358 l 238 358 l 238 -225 l -119 -225 l -119 -76 l 94 -76 l 94 358 l -49 358 l -49 429 l 94 429 l 94 792 l 457 792 l 457 644 l 238 644 z "
    },
    "„": {
      "ha": 589,
      "x_min": 0,
      "x_max": 499,
      "o": "m 499 143 l 426 -143 l 356 -143 l 356 0 l 283 0 l 283 143 l 499 143 m 219 143 l 149 -143 l 72 -143 l 72 0 l 0 0 l 0 143 l 219 143 z "
    },
    "…": {
      "ha": 856,
      "x_min": -1,
      "x_max": 725,
      "o": "m -1 143 l 142 143 l 142 0 l -1 0 l -1 143 m 290 143 l 433 143 l 433 0 l 290 0 l 290 143 m 725 143 l 725 0 l 576 0 l 576 143 l 725 143 z "
    },
    "†": {
      "ha": 856,
      "x_min": -1,
      "x_max": 725,
      "o": "m 725 433 l 433 433 l 433 -144 l 290 -144 l 290 433 l -1 433 l -1 582 l 290 582 l 290 868 l 433 868 l 433 582 l 725 582 l 725 433 z "
    },
    "‡": {
      "ha": 700,
      "x_min": -3,
      "x_max": 581,
      "o": "m 360 408 l 360 329 l 581 329 l 581 243 l 360 243 l 360 1 l 217 1 l 217 243 l -3 243 l -3 329 l 217 329 l 217 408 l -3 408 l -3 493 l 217 493 l 217 722 l 360 722 l 360 493 l 581 493 l 581 408 l 360 408 z "
    },
    "‰": {
      "ha": 1068,
      "x_min": 1,
      "x_max": 947,
      "o": "m 215 504 l 1 504 l 1 725 l 215 725 l 215 504 m 440 214 l 656 214 l 656 -1 l 440 -1 l 440 214 m 947 214 l 947 -1 l 726 -1 l 726 214 l 947 214 m 1 101 l 625 725 l 726 725 l 726 622 l 104 -1 l 1 -1 l 1 101 z "
    },
    "Š": {
      "ha": 861,
      "x_min": 1,
      "x_max": 722,
      "o": "m 722 575 l 722 718 l 1 718 l 1 283 l 579 283 l 579 140 l 1 140 l 1 -3 l 722 -3 l 722 432 l 144 432 l 144 575 l 722 575 m 318 768 l 206 821 l 206 903 l 251 903 l 360 846 l 471 903 l 518 903 l 518 821 l 406 768 l 318 768 z "
    },
    "£": {
      "ha": 717,
      "x_min": 0,
      "x_max": 581,
      "o": "m 363 332 l 363 149 l 578 149 l 578 0 l 0 0 l 0 149 l 215 149 l 215 332 l 0 332 l 0 404 l 215 404 l 215 726 l 578 726 l 578 583 l 363 583 l 363 404 l 581 404 l 581 332 l 363 332 z "
    },
    "¤": {
      "ha": 906,
      "x_min": 0,
      "x_max": 776,
      "o": "m 675 567 l 675 207 l 776 104 l 672 -1 l 567 104 l 211 104 l 104 -1 l 0 104 l 104 207 l 104 567 l 0 669 l 104 775 l 211 669 l 567 669 l 672 775 l 776 669 l 675 567 m 251 526 l 251 247 l 526 247 l 526 526 l 251 526 z "
    },
    "¥": {
      "ha": 868,
      "x_min": -1,
      "x_max": 719,
      "o": "m 719 625 l 489 390 l 653 390 l 653 318 l 433 318 l 433 247 l 653 247 l 653 175 l 433 175 l 433 1 l 285 1 l 285 175 l 71 175 l 71 247 l 285 247 l 285 318 l 71 318 l 71 390 l 229 390 l -1 625 l -1 726 l 101 726 l 361 467 l 617 726 l 719 726 l 719 625 z "
    },
    "¦": {
      "ha": 283,
      "x_min": 0,
      "x_max": 143,
      "o": "m 0 531 l 0 875 l 143 875 l 143 531 l 0 531 m 0 -99 l 0 247 l 143 247 l 143 -99 l 0 -99 z "
    },
    "§": {
      "ha": 582,
      "x_min": -1,
      "x_max": 433,
      "o": "m 147 725 l 147 653 l 433 653 l 433 -1 l -1 -1 l -1 142 l 290 142 l 290 218 l -1 218 l -1 868 l 433 868 l 433 725 l 147 725 m 147 504 l 147 361 l 290 361 l 290 504 l 147 504 z "
    },
    "¨": {
      "ha": 556,
      "x_min": 0,
      "x_max": 435,
      "o": "m 0 838 l 143 838 l 143 694 l 0 694 l 0 838 m 435 838 l 435 694 l 286 694 l 286 838 l 435 838 z "
    },
    "©": {
      "ha": 933,
      "x_min": 0,
      "x_max": 792,
      "o": "m 214 219 l 214 511 l 578 511 l 578 439 l 358 439 l 358 290 l 578 290 l 578 219 l 214 219 m 792 4 l 0 4 l 0 725 l 792 725 l 792 4 m 649 582 l 143 582 l 143 147 l 649 147 l 649 582 z "
    },
    "ª": {
      "ha": 400,
      "x_min": 0,
      "x_max": 256,
      "o": "m 256 838 l 256 474 l 0 474 l 0 692 l 183 692 l 183 765 l 36 765 l 36 838 l 183 838 l 256 838 m 183 619 l 72 619 l 72 546 l 183 546 l 183 619 z "
    },
    "«": {
      "ha": 1144,
      "x_min": -1,
      "x_max": 1017,
      "o": "m 510 583 l 168 435 l 510 292 l 510 149 l -1 363 l -1 511 l 510 726 l 510 583 m 1017 583 l 675 435 l 1017 292 l 1017 149 l 510 363 l 510 511 l 1017 726 l 1017 583 z "
    },
    "®": {
      "ha": 950,
      "x_min": 0,
      "x_max": 797,
      "o": "m 219 218 l 219 504 l 578 504 l 578 361 l 542 326 l 578 290 l 578 218 l 506 218 l 506 290 l 363 290 l 363 218 l 219 218 m 363 361 l 506 361 l 506 433 l 363 433 l 363 361 m 797 -1 l 0 -1 l 0 725 l 797 725 l 797 -1 m 654 576 l 143 576 l 143 142 l 654 142 l 654 576 z "
    },
    "°": {
      "ha": 443,
      "x_min": 0,
      "x_max": 288,
      "o": "m 288 838 l 288 547 l 0 547 l 0 838 l 288 838 m 215 767 l 72 767 l 72 618 l 215 618 l 215 767 z "
    },
    "²": {
      "ha": 329,
      "x_min": 1,
      "x_max": 218,
      "o": "m 218 618 l 75 618 l 75 544 l 218 544 l 218 472 l 1 472 l 1 690 l 147 690 l 147 761 l 1 761 l 1 836 l 218 836 l 218 618 z "
    },
    "³": {
      "ha": 311,
      "x_min": 0,
      "x_max": 217,
      "o": "m 217 474 l 0 474 l 0 544 l 143 544 l 143 618 l 72 618 l 72 690 l 143 690 l 143 761 l 0 761 l 0 836 l 217 836 l 217 474 z "
    },
    "¸": {
      "ha": 518,
      "x_min": 113,
      "x_max": 378,
      "o": "m 304 40 l 378 -178 l 113 -178 l 113 -90 l 261 -90 l 217 40 l 304 40 z "
    },
    "¿": {
      "ha": 700,
      "x_min": -1,
      "x_max": 576,
      "o": "m 576 215 l 576 0 l -1 0 l -1 435 l 214 435 l 214 578 l 357 578 l 357 286 l 142 286 l 142 143 l 433 143 l 433 215 l 576 215 m 357 649 l 214 649 l 214 797 l 357 797 l 357 649 z "
    },
    "À": {
      "ha": 861,
      "x_min": 1,
      "x_max": 722,
      "o": "m 722 726 l 1 726 l 1 1 l 144 1 l 144 293 l 579 293 l 579 1 l 722 1 l 722 726 m 579 436 l 144 436 l 144 579 l 579 579 l 579 436 m 421 792 l 313 792 l 182 925 l 339 925 l 421 792 z "
    },
    "Á": {
      "ha": 849,
      "x_min": -3,
      "x_max": 718,
      "o": "m -3 1 l 140 1 l 140 293 l 575 293 l 575 1 l 718 1 l 718 726 l -3 726 l -3 1 m 140 579 l 575 579 l 575 436 l 140 436 l 140 579 m 283 924 l 435 924 l 310 792 l 201 792 l 283 924 z "
    },
    "Â": {
      "ha": 860,
      "x_min": -3,
      "x_max": 718,
      "o": "m 163 890 l 319 890 l 239 771 l 132 771 l 163 890 m 567 771 l 458 771 l 378 890 l 535 890 l 567 771 m -3 1 l 140 1 l 140 293 l 575 293 l 575 1 l 718 1 l 718 726 l -3 726 l -3 1 m 140 579 l 575 579 l 575 436 l 140 436 l 140 579 z "
    },
    "Ä": {
      "ha": 854,
      "x_min": -3,
      "x_max": 718,
      "o": "m -3 726 l 718 726 l 718 1 l 575 1 l 575 293 l 140 293 l 140 1 l -3 1 l -3 726 m 140 436 l 575 436 l 575 579 l 140 579 l 140 436 m 190 903 l 301 903 l 301 792 l 190 792 l 190 903 m 528 903 l 528 792 l 413 792 l 413 903 l 528 903 z "
    },
    "Å": {
      "ha": 867,
      "x_min": 0,
      "x_max": 726,
      "o": "m 726 1 l 583 1 l 583 293 l 149 293 l 149 1 l 0 1 l 0 726 l 726 726 l 726 1 m 583 579 l 149 579 l 149 436 l 583 436 l 583 579 m 256 792 l 256 1006 l 471 1006 l 471 792 l 256 792 m 328 863 l 399 863 l 399 935 l 328 935 l 328 863 z "
    },
    "Ã": {
      "ha": 854,
      "x_min": -3,
      "x_max": 718,
      "o": "m 568 936 l 568 793 l 321 793 l 321 864 l 244 864 l 244 793 l 139 793 l 139 936 l 392 936 l 392 864 l 464 864 l 464 936 l 568 936 m -3 726 l 718 726 l 718 1 l 575 1 l 575 293 l 140 293 l 140 1 l -3 1 l -3 726 m 140 436 l 575 436 l 575 579 l 140 579 l 140 436 z "
    },
    "Æ": {
      "ha": 1367,
      "x_min": -1,
      "x_max": 1236,
      "o": "m 725 583 l 725 436 l 1236 436 l 1236 293 l 725 293 l 725 150 l 1236 150 l 1236 1 l 582 1 l 582 293 l 147 293 l 147 1 l -1 1 l -1 726 l 1236 726 l 1236 583 l 725 583 m 582 436 l 582 583 l 147 583 l 147 436 l 582 436 z "
    },
    "Ç": {
      "ha": 726,
      "x_min": 1,
      "x_max": 583,
      "o": "m 150 435 l 150 143 l 583 143 l 583 0 l 390 0 l 436 -143 l 221 -143 l 221 -72 l 343 -72 l 318 0 l 1 0 l 1 578 l 583 578 l 583 435 l 150 435 z "
    },
    "È": {
      "ha": 861,
      "x_min": 1,
      "x_max": 726,
      "o": "m 500 790 l 392 790 l 261 924 l 418 924 l 500 790 m 726 579 l 726 722 l 1 722 l 1 1 l 726 1 l 726 144 l 150 144 l 150 288 l 726 288 l 726 436 l 150 436 l 150 579 l 726 579 z "
    },
    "É": {
      "ha": 883,
      "x_min": 1,
      "x_max": 726,
      "o": "m 343 925 l 500 925 l 368 793 l 261 793 l 343 925 m 726 579 l 726 722 l 1 722 l 1 1 l 726 1 l 726 144 l 150 144 l 150 288 l 726 288 l 726 436 l 150 436 l 150 579 l 726 579 z "
    },
    "Ê": {
      "ha": 875,
      "x_min": 1,
      "x_max": 726,
      "o": "m 163 911 l 319 911 l 239 792 l 132 792 l 163 911 m 567 792 l 458 792 l 378 911 l 535 911 l 567 792 m 726 579 l 726 722 l 1 722 l 1 1 l 726 1 l 726 144 l 150 144 l 150 288 l 726 288 l 726 436 l 150 436 l 150 579 l 726 579 z "
    },
    "Ë": {
      "ha": 854,
      "x_min": 1,
      "x_max": 726,
      "o": "m 150 579 l 150 436 l 726 436 l 726 288 l 150 288 l 150 144 l 726 144 l 726 1 l 1 1 l 1 722 l 726 722 l 726 579 l 150 579 m 190 903 l 301 903 l 301 792 l 190 792 l 190 903 m 528 903 l 528 792 l 413 792 l 413 903 l 528 903 z "
    },
    "™": {
      "ha": 950,
      "x_min": 6,
      "x_max": 803,
      "o": "m 803 724 l 803 432 l 731 432 l 731 651 l 660 651 l 660 432 l 583 432 l 583 651 l 511 651 l 511 432 l 439 432 l 439 724 l 803 724 m 368 724 l 368 651 l 225 651 l 225 432 l 149 432 l 149 651 l 6 651 l 6 724 l 368 724 z "
    },
    "Ω": {
      "ha": 871,
      "x_min": 1,
      "x_max": 726,
      "o": "m 583 147 l 583 75 l 726 75 l 726 -1 l 436 -1 l 436 290 l 583 290 l 583 582 l 150 582 l 150 290 l 293 290 l 293 -1 l 1 -1 l 1 75 l 150 75 l 150 147 l 1 147 l 1 725 l 726 725 l 726 147 l 583 147 z "
    },
    "∂": {
      "ha": 563,
      "x_min": -1,
      "x_max": 433,
      "o": "m 433 629 l 433 88 l 335 -3 l -1 -3 l -1 432 l 290 432 l 290 581 l 71 581 l 71 724 l 332 724 l 433 629 m 290 289 l 142 289 l 142 140 l 290 140 l 290 289 z "
    },
    "∆": {
      "ha": 840,
      "x_min": 1,
      "x_max": 722,
      "o": "m 722 1 l 1 1 l 288 799 l 436 799 l 722 1 m 528 150 l 360 599 l 196 150 l 528 150 z "
    },
    "∏": {
      "ha": 732,
      "x_min": 0,
      "x_max": 578,
      "o": "m 578 578 l 506 578 l 506 -6 l 363 -6 l 363 578 l 215 578 l 215 -6 l 72 -6 l 72 578 l 0 578 l 0 721 l 578 721 l 578 578 z "
    },
    "∑": {
      "ha": 875,
      "x_min": -1,
      "x_max": 719,
      "o": "m 719 578 l 244 578 l 458 363 l 244 143 l 719 143 l 719 0 l -1 0 l -1 103 l 254 363 l -1 624 l -1 726 l 719 726 l 719 578 z "
    },
    "−": {
      "ha": 1003,
      "x_min": 1,
      "x_max": 875,
      "o": "m 1 383 l 875 383 l 875 311 l 1 311 l 1 383 z "
    },
    "√": {
      "ha": 764,
      "x_min": -1,
      "x_max": 643,
      "o": "m 643 658 l 351 -1 l 208 -1 l 71 218 l -1 218 l -1 361 l 157 361 l 275 168 l 567 801 l 643 801 l 643 658 z "
    },
    "∞": {
      "ha": 868,
      "x_min": 0,
      "x_max": 721,
      "o": "m 721 575 l 721 140 l 0 140 l 0 575 l 721 575 m 286 283 l 286 426 l 143 426 l 143 283 l 286 283 m 578 426 l 435 426 l 435 283 l 578 283 l 578 426 z "
    },
    "∫": {
      "ha": 604,
      "x_min": -119,
      "x_max": 457,
      "o": "m 238 644 l 238 -225 l -119 -225 l -119 -76 l 94 -76 l 94 792 l 457 792 l 457 644 l 238 644 z "
    },
    "≈": {
      "ha": 786,
      "x_min": 1,
      "x_max": 650,
      "o": "m 650 571 l 650 422 l 288 422 l 288 499 l 144 499 l 144 422 l 1 422 l 1 571 l 360 571 l 360 499 l 507 499 l 507 571 l 650 571 m 507 350 l 650 350 l 650 207 l 288 207 l 288 279 l 144 279 l 144 207 l 1 207 l 1 350 l 360 350 l 360 279 l 507 279 l 507 350 z "
    },
    "≠": {
      "ha": 740,
      "x_min": 1,
      "x_max": 583,
      "o": "m 390 399 l 354 322 l 583 322 l 583 179 l 282 179 l 196 0 l 108 0 l 129 179 l 1 179 l 1 322 l 196 322 l 232 399 l 1 399 l 1 542 l 303 542 l 390 721 l 476 721 l 461 542 l 583 542 l 583 399 l 390 399 z "
    },
    "≤": {
      "ha": 667,
      "x_min": -1,
      "x_max": 510,
      "o": "m -1 128 l 510 128 l 510 0 l -1 0 l -1 128 m 510 633 l 168 486 l 510 343 l 510 200 l -1 414 l -1 563 l 510 776 l 510 633 z "
    },
    "≥": {
      "ha": 633,
      "x_min": -1,
      "x_max": 510,
      "o": "m 510 0 l -1 0 l -1 128 l 510 128 l 510 0 m -1 776 l 510 563 l 510 414 l -1 200 l -1 343 l 342 486 l -1 633 l -1 776 z "
    },
    "◊": {
      "ha": 860,
      "x_min": -32,
      "x_max": 751,
      "o": "m 751 393 l 358 4 l -32 393 l 358 782 l 751 393 m 551 393 l 358 588 l 163 393 l 358 199 l 551 393 z "
    },
    "": {
      "ha": 717,
      "x_min": 0,
      "x_max": 561,
      "o": "m 267 0 l 196 0 l 196 118 l 267 118 l 267 0 m 243 93 l 219 93 l 219 25 l 243 25 l 243 93 m 72 0 l 0 0 l 0 118 l 72 118 l 72 0 m 47 93 l 24 93 l 24 25 l 47 25 l 47 93 m 171 25 l 171 0 l 97 0 l 97 25 l 122 25 l 122 93 l 97 93 l 97 118 l 144 118 l 144 25 l 171 25 m 561 25 l 561 0 l 489 0 l 489 25 l 513 25 l 513 93 l 489 93 l 489 118 l 536 118 l 536 25 l 561 25 m 464 25 l 464 0 l 392 0 l 392 25 l 415 25 l 415 93 l 392 93 l 392 118 l 438 118 l 438 25 l 464 25 m 365 0 l 340 0 l 340 47 l 317 47 l 317 71 l 340 71 l 340 93 l 296 93 l 296 118 l 365 118 l 365 0 m 254 474 l 0 474 l 0 726 l 254 726 l 254 474 m 204 575 l 51 575 l 51 525 l 204 525 l 204 575 m 204 676 l 51 676 l 51 626 l 204 626 l 204 676 m 254 171 l 204 171 l 204 268 l 51 268 l 51 171 l 0 171 l 0 421 l 254 421 l 254 171 m 204 371 l 51 371 l 51 319 l 204 319 l 204 371 m 561 726 l 561 575 l 496 575 l 561 511 l 561 474 l 522 474 l 424 575 l 358 575 l 358 474 l 308 474 l 308 726 l 561 726 m 510 676 l 358 676 l 358 626 l 510 626 l 510 676 m 561 421 l 561 171 l 510 171 l 510 335 l 433 258 l 358 335 l 358 171 l 308 171 l 308 421 l 343 421 l 433 331 l 525 421 l 561 421 z "
    },
    "ﬂ": {
      "ha": 613,
      "x_min": 0,
      "x_max": 481,
      "o": "m 0 726 l 481 726 l 481 1 l 338 1 l 338 579 l 143 579 l 143 364 l 271 364 l 271 221 l 143 221 l 143 1 l 0 1 l 0 726 l 0 726 z "
    },
    "ﬁ": {
      "ha": 624,
      "x_min": -1,
      "x_max": 479,
      "o": "m 142 361 l 269 361 l 269 218 l 142 218 l 142 -1 l -1 -1 l -1 725 l 479 725 l 479 576 l 142 576 l 142 361 m 331 504 l 479 504 l 479 -1 l 331 -1 l 331 504 z "
    },
    "⁄": {
      "ha": 667,
      "x_min": 3,
      "x_max": 624,
      "o": "m 128 -131 l 3 -131 l 499 882 l 624 882 l 128 -131 z "
    },
    "›": {
      "ha": 422,
      "x_min": -1,
      "x_max": 275,
      "o": "m 275 271 l 132 128 l -1 128 l -1 200 l 142 343 l -1 490 l -1 563 l 132 563 l 275 419 l 275 271 z "
    },
    "‹": {
      "ha": 422,
      "x_min": 1,
      "x_max": 278,
      "o": "m 1 424 l 144 567 l 278 567 l 278 494 l 135 346 l 278 203 l 278 132 l 144 132 l 1 275 l 1 424 z "
    },
    "•": {
      "ha": 496,
      "x_min": 3,
      "x_max": 350,
      "o": "m 350 415 l 281 347 l 350 274 l 350 171 l 247 171 l 179 244 l 106 171 l 3 171 l 3 274 l 76 347 l 3 415 l 3 518 l 106 518 l 179 449 l 247 518 l 350 518 l 350 415 z "
    },
    "”": {
      "ha": 622,
      "x_min": 0,
      "x_max": 499,
      "o": "m 499 838 l 426 551 l 356 551 l 356 694 l 283 694 l 283 838 l 499 838 m 219 838 l 149 551 l 72 551 l 72 694 l 0 694 l 0 838 l 219 838 z "
    },
    "“": {
      "ha": 642,
      "x_min": 0,
      "x_max": 492,
      "o": "m 0 593 l 72 879 l 143 879 l 143 736 l 215 736 l 215 593 l 0 593 m 272 593 l 343 879 l 421 879 l 421 736 l 492 736 l 492 593 l 272 593 z "
    },
    "’": {
      "ha": 342,
      "x_min": 3,
      "x_max": 222,
      "o": "m 222 838 l 151 551 l 74 551 l 74 694 l 3 694 l 3 838 l 222 838 z "
    },
    "‘": {
      "ha": 364,
      "x_min": 0,
      "x_max": 215,
      "o": "m 0 588 l 72 874 l 143 874 l 143 731 l 215 731 l 215 588 l 0 588 z "
    },
    "π": {
      "ha": 703,
      "x_min": -1,
      "x_max": 576,
      "o": "m 576 583 l 504 583 l 504 1 l 361 1 l 361 583 l 214 583 l 214 1 l 71 1 l 71 583 l -1 583 l -1 726 l 576 726 l 576 583 z "
    },
    "–": {
      "ha": 1063,
      "x_min": 1,
      "x_max": 913,
      "o": "m 1 418 l 913 418 l 913 306 l 1 306 l 1 418 z "
    },
    "—": {
      "ha": 735,
      "x_min": 0,
      "x_max": 583,
      "o": "m 0 406 l 583 406 l 583 263 l 0 263 l 0 406 z "
    },
    "˜": {
      "ha": 561,
      "x_min": 1,
      "x_max": 431,
      "o": "m 431 522 l 431 379 l 183 379 l 183 451 l 106 451 l 106 379 l 1 379 l 1 522 l 254 522 l 254 451 l 326 451 l 326 522 l 431 522 z "
    },
    "ž": {
      "ha": 714,
      "x_min": 1,
      "x_max": 583,
      "o": "m 1 579 l 1 436 l 333 436 l 1 104 l 1 1 l 583 1 l 583 144 l 251 144 l 583 476 l 583 579 l 1 579 m 240 638 l 128 690 l 128 772 l 174 772 l 281 715 l 393 772 l 439 772 l 439 690 l 328 638 l 240 638 z "
    },
    "ß": {
      "ha": 868,
      "x_min": -1,
      "x_max": 725,
      "o": "m 725 0 l 290 0 l 290 149 l 582 149 l 582 292 l 147 292 l 147 0 l -1 0 l -1 583 l 147 726 l 725 726 l 725 0 m 582 583 l 147 583 l 147 435 l 582 435 l 582 583 z "
    },
    "ç": {
      "ha": 721,
      "x_min": 1,
      "x_max": 583,
      "o": "m 150 435 l 150 143 l 583 143 l 583 0 l 396 0 l 449 -150 l 215 -150 l 215 -72 l 338 -72 l 311 0 l 1 0 l 1 578 l 583 578 l 583 435 l 150 435 z "
    },
    "÷": {
      "ha": 722,
      "x_min": -1,
      "x_max": 576,
      "o": "m 576 451 l 576 303 l -1 303 l -1 451 l 576 451 m 361 522 l 214 522 l 214 665 l 361 665 l 361 522 m 214 232 l 361 232 l 361 88 l 214 88 l 214 232 z "
    },
    "à": {
      "ha": 724,
      "x_min": 0,
      "x_max": 583,
      "o": "m 369 658 l 263 658 l 131 792 l 288 792 l 369 658 m 583 579 l 0 579 l 0 443 l 435 443 l 435 349 l 0 349 l 0 1 l 583 1 l 583 579 m 435 131 l 149 131 l 149 231 l 435 231 l 435 131 z "
    },
    "á": {
      "ha": 725,
      "x_min": 0,
      "x_max": 583,
      "o": "m 283 790 l 435 790 l 310 657 l 201 657 l 283 790 m 583 579 l 0 579 l 0 443 l 435 443 l 435 349 l 0 349 l 0 1 l 583 1 l 583 579 m 435 131 l 149 131 l 149 231 l 435 231 l 435 131 z "
    },
    "â": {
      "ha": 742,
      "x_min": 0,
      "x_max": 583,
      "o": "m 326 790 l 439 731 l 439 656 l 392 656 l 279 713 l 172 656 l 126 656 l 126 731 l 239 790 l 326 790 m 583 579 l 0 579 l 0 443 l 435 443 l 435 349 l 0 349 l 0 1 l 583 1 l 583 579 m 435 131 l 149 131 l 149 231 l 435 231 l 435 131 z "
    },
    "ã": {
      "ha": 726,
      "x_min": 0,
      "x_max": 583,
      "o": "m 500 793 l 500 650 l 251 650 l 251 722 l 175 722 l 175 650 l 71 650 l 71 793 l 324 793 l 324 722 l 394 722 l 394 793 l 500 793 m 583 0 l 0 0 l 0 354 l 435 354 l 435 435 l 0 435 l 0 578 l 583 578 l 583 0 m 435 238 l 149 238 l 149 135 l 435 135 l 435 238 z "
    },
    "": {
      "ha": 0,
      "x_min": 0,
      "x_max": 0,
      "o": ""
    },
    "¬": {
      "ha": 743,
      "x_min": 1,
      "x_max": 579,
      "o": "m 579 640 l 579 278 l 436 278 l 436 497 l 1 497 l 1 640 l 579 640 z "
    },
    "¹": {
      "ha": 332,
      "x_min": 1,
      "x_max": 218,
      "o": "m 218 544 l 218 472 l 1 472 l 1 544 l 75 544 l 75 761 l 1 761 l 1 836 l 147 836 l 147 544 l 218 544 z "
    },
    "º": {
      "ha": 433,
      "x_min": 0,
      "x_max": 286,
      "o": "m 286 836 l 286 544 l 0 544 l 0 836 l 286 836 m 215 765 l 72 765 l 72 617 l 215 617 l 215 765 z "
    },
    "Ì": {
      "ha": 897,
      "x_min": 0,
      "x_max": 726,
      "o": "m 726 583 l 726 726 l 0 726 l 0 583 l 292 583 l 292 149 l 0 149 l 0 0 l 726 0 l 726 149 l 435 149 l 435 583 l 726 583 m 424 792 l 317 792 l 185 924 l 343 924 l 424 792 z "
    },
    "×": {
      "ha": 692,
      "x_min": 3,
      "x_max": 585,
      "o": "m 396 292 l 585 103 l 483 0 l 294 189 l 104 0 l 3 103 l 192 292 l 3 475 l 104 578 l 294 393 l 483 578 l 585 475 l 396 292 z "
    },
    "Ø": {
      "ha": 729,
      "x_min": 0,
      "x_max": 583,
      "o": "m 583 724 l 583 3 l 0 3 l 0 724 l 583 724 m 149 146 l 353 581 l 149 581 l 149 146 m 435 581 l 231 146 l 435 146 l 435 581 z "
    },
    "ø": {
      "ha": 879,
      "x_min": 1,
      "x_max": 726,
      "o": "m 726 -1 l 1 -1 l 1 725 l 726 725 l 726 -1 m 144 147 l 497 582 l 144 582 l 144 147 m 579 582 l 232 147 l 579 147 l 579 582 z "
    },
    "Ž": {
      "ha": 1064,
      "x_min": 1,
      "x_max": 726,
      "o": "m 726 721 l 1 721 l 1 578 l 471 578 l 1 67 l 1 0 l 726 0 l 726 143 l 264 143 l 726 654 l 726 721 m 347 772 l 235 824 l 235 906 l 281 906 l 389 850 l 501 906 l 547 906 l 547 824 l 435 772 l 347 772 z "
    },
    "š": {
      "ha": 738,
      "x_min": 0,
      "x_max": 583,
      "o": "m 240 638 l 128 690 l 128 772 l 174 772 l 281 715 l 393 772 l 439 772 l 439 690 l 328 638 l 240 638 m 149 443 l 583 443 l 583 578 l 0 578 l 0 231 l 435 231 l 435 131 l 0 131 l 0 0 l 583 0 l 583 347 l 149 347 l 149 443 z "
    },
    "Ÿ": {
      "ha": 571,
      "x_min": 0,
      "x_max": 435,
      "o": "m 0 838 l 143 838 l 143 694 l 0 694 l 0 838 m 435 838 l 435 694 l 286 694 l 286 838 l 435 838 z "
    },
    "í": {
      "ha": 289,
      "x_min": 0,
      "x_max": 256,
      "o": "m 0 3 l 143 3 l 143 572 l 0 572 l 0 3 m 99 790 l 256 790 l 143 669 l 15 669 l 99 790 z "
    },
    "­": {
      "ha": 603,
      "x_min": 0,
      "x_max": 472,
      "o": "m 472 238 l 0 238 l 0 381 l 472 381 l 472 238 z "
    },
    "D": {
      "ha": 864,
      "x_min": -1,
      "x_max": 725,
      "o": "m 725 460 l 725 261 l 439 0 l -1 0 l -1 721 l 439 721 l 725 460 m 582 358 l 346 578 l 147 578 l 147 143 l 346 143 l 582 358 z "
    },
    "Í": {
      "ha": 883,
      "x_min": 0,
      "x_max": 726,
      "o": "m 726 583 l 726 726 l 0 726 l 0 583 l 292 583 l 292 149 l 0 149 l 0 0 l 726 0 l 726 149 l 435 149 l 435 583 l 726 583 m 726 583 l 726 726 l 0 726 l 0 583 l 292 583 l 292 149 l 0 149 l 0 0 l 726 0 l 726 149 l 435 149 l 435 583 l 726 583 m 343 925 l 500 925 l 368 792 l 261 792 l 343 925 z "
    },
    "Î": {
      "ha": 871,
      "x_min": 0,
      "x_max": 726,
      "o": "m 726 583 l 726 726 l 0 726 l 0 583 l 292 583 l 292 149 l 0 149 l 0 0 l 726 0 l 726 149 l 435 149 l 435 583 l 726 583 m 172 913 l 329 913 l 249 793 l 142 793 l 172 913 m 576 793 l 469 793 l 389 913 l 546 913 l 576 793 z "
    },
    "Ï": {
      "ha": 875,
      "x_min": 0,
      "x_max": 726,
      "o": "m 435 583 l 435 149 l 726 149 l 726 0 l 0 0 l 0 149 l 292 149 l 292 583 l 0 583 l 0 726 l 726 726 l 726 583 l 435 583 m 190 903 l 301 903 l 301 792 l 190 792 l 190 903 m 528 903 l 528 792 l 413 792 l 413 903 l 528 903 z "
    },
    "Ð": {
      "ha": 738,
      "x_min": -42,
      "x_max": 592,
      "o": "m 592 422 l 592 286 l 407 0 l 44 0 l 44 282 l -42 282 l -42 425 l 44 425 l 44 721 l 407 721 l 592 422 m 458 358 l 328 578 l 186 578 l 186 425 l 274 425 l 274 282 l 186 282 l 186 143 l 328 143 l 458 358 z "
    },
    "å": {
      "ha": 706,
      "x_min": 0,
      "x_max": 583,
      "o": "m 175 642 l 175 861 l 394 861 l 394 642 l 175 642 m 247 713 l 318 713 l 318 785 l 247 785 l 247 713 m 583 1 l 0 1 l 0 349 l 435 349 l 435 443 l 0 443 l 0 579 l 583 579 l 583 1 m 435 231 l 149 231 l 149 131 l 435 131 l 435 231 z "
    },
    "ä": {
      "ha": 729,
      "x_min": 0,
      "x_max": 583,
      "o": "m 583 1 l 0 1 l 0 349 l 435 349 l 435 443 l 0 443 l 0 579 l 583 579 l 583 1 m 435 231 l 149 231 l 149 131 l 435 131 l 435 231 m 110 793 l 221 793 l 221 682 l 110 682 l 110 793 m 447 793 l 447 682 l 332 682 l 332 793 l 447 793 z "
    },
    "ï": {
      "ha": 306,
      "x_min": 0,
      "x_max": 143,
      "o": "m 143 767 l 143 654 l 0 654 l 0 767 l 143 767 m 0 572 l 143 572 l 143 3 l 0 3 l 0 572 z "
    },
    "ì": {
      "ha": 296,
      "x_min": -106,
      "x_max": 143,
      "o": "m 135 671 l 7 671 l -106 792 l 51 792 l 135 671 m 0 3 l 143 3 l 143 572 l 0 572 l 0 3 z "
    },
    "Ñ": {
      "ha": 874,
      "x_min": 0,
      "x_max": 721,
      "o": "m 721 725 l 721 -1 l 578 -1 l 143 469 l 143 -1 l 0 -1 l 0 725 l 143 725 l 578 254 l 578 725 l 721 725 m 571 914 l 571 771 l 324 771 l 324 842 l 247 842 l 247 771 l 142 771 l 142 914 l 394 914 l 394 842 l 467 842 l 467 914 l 571 914 z "
    },
    "Ò": {
      "ha": 874,
      "x_min": 0,
      "x_max": 726,
      "o": "m 726 726 l 0 726 l 0 0 l 726 0 l 726 726 m 583 149 l 149 149 l 149 583 l 583 583 l 583 149 m 421 782 l 313 782 l 182 915 l 339 915 l 421 782 z "
    },
    "Ó": {
      "ha": 858,
      "x_min": 0,
      "x_max": 726,
      "o": "m 726 725 l 0 725 l 0 -1 l 726 -1 l 726 725 m 583 147 l 149 147 l 149 582 l 583 582 l 583 147 m 358 908 l 508 908 l 383 775 l 276 775 l 358 908 z "
    },
    "Ô": {
      "ha": 871,
      "x_min": 0,
      "x_max": 726,
      "o": "m 726 726 l 0 726 l 0 0 l 726 0 l 726 726 m 583 149 l 149 149 l 149 583 l 583 583 l 583 149 m 163 903 l 319 903 l 239 782 l 132 782 l 163 903 m 567 782 l 458 782 l 378 903 l 535 903 l 567 782 z "
    },
    "Õ": {
      "ha": 856,
      "x_min": 0,
      "x_max": 726,
      "o": "m 726 0 l 0 0 l 0 726 l 726 726 l 726 0 m 583 583 l 149 583 l 149 149 l 583 149 l 583 583 m 574 921 l 574 778 l 326 778 l 326 850 l 249 850 l 249 778 l 144 778 l 144 921 l 397 921 l 397 850 l 469 850 l 469 921 l 574 921 z "
    },
    "Ö": {
      "ha": 868,
      "x_min": 0,
      "x_max": 726,
      "o": "m 726 0 l 0 0 l 0 726 l 726 726 l 726 0 m 583 583 l 149 583 l 149 149 l 583 149 l 583 583 m 190 903 l 301 903 l 301 792 l 190 792 l 190 903 m 528 903 l 528 792 l 413 792 l 413 903 l 528 903 z "
    },
    "Ù": {
      "ha": 879,
      "x_min": 0,
      "x_max": 726,
      "o": "m 726 729 l 583 729 l 583 147 l 149 147 l 149 729 l 0 729 l 0 4 l 726 4 l 726 729 m 442 771 l 335 771 l 203 903 l 360 903 l 442 771 z "
    },
    "Ú": {
      "ha": 874,
      "x_min": 0,
      "x_max": 726,
      "o": "m 726 729 l 583 729 l 583 147 l 149 147 l 149 729 l 0 729 l 0 4 l 726 4 l 726 729 m 368 904 l 519 904 l 393 772 l 286 772 l 368 904 z "
    },
    "Û": {
      "ha": 875,
      "x_min": 0,
      "x_max": 726,
      "o": "m 726 729 l 583 729 l 583 147 l 149 147 l 149 729 l 0 729 l 0 4 l 726 4 l 726 729 m 410 925 l 522 872 l 522 790 l 475 790 l 363 847 l 256 790 l 210 790 l 210 872 l 322 925 l 410 925 z "
    },
    "Ü": {
      "ha": 890,
      "x_min": 0,
      "x_max": 726,
      "o": "m 726 0 l 0 0 l 0 726 l 149 726 l 149 143 l 583 143 l 583 726 l 726 726 l 726 0 m 190 903 l 301 903 l 301 792 l 190 792 l 190 903 m 528 903 l 528 792 l 413 792 l 413 903 l 528 903 z "
    },
    "Ý": {
      "ha": 876,
      "x_min": 0,
      "x_max": 726,
      "o": "m 726 725 l 578 725 l 578 361 l 149 361 l 149 725 l 0 725 l 0 218 l 506 218 l 363 96 l 363 -1 l 481 -1 l 726 218 l 726 725 m 449 774 l 342 774 l 210 906 l 367 906 l 449 774 z "
    },
    "Þ": {
      "ha": 707,
      "x_min": 0,
      "x_max": 578,
      "o": "m 0 815 l 144 815 l 144 699 l 578 699 l 578 121 l 143 121 l 143 -99 l 0 -99 l 0 815 m 435 556 l 144 556 l 144 264 l 435 264 l 435 556 z "
    },
    "è": {
      "ha": 731,
      "x_min": 0,
      "x_max": 583,
      "o": "m 369 656 l 263 656 l 131 789 l 288 789 l 369 656 m 0 1 l 583 1 l 583 138 l 149 138 l 149 232 l 583 232 l 583 579 l 0 579 l 0 1 m 149 450 l 435 450 l 435 350 l 149 350 l 149 450 z "
    },
    "é": {
      "ha": 728,
      "x_min": 0,
      "x_max": 583,
      "o": "m 283 792 l 435 792 l 310 658 l 201 658 l 283 792 m 0 1 l 583 1 l 583 138 l 149 138 l 149 232 l 583 232 l 583 579 l 0 579 l 0 1 m 149 450 l 435 450 l 435 350 l 149 350 l 149 450 z "
    },
    "ê": {
      "ha": 718,
      "x_min": 0,
      "x_max": 583,
      "o": "m 326 790 l 439 731 l 439 656 l 392 656 l 282 714 l 172 656 l 126 656 l 126 731 l 239 790 l 326 790 m 0 1 l 583 1 l 583 138 l 149 138 l 149 232 l 583 232 l 583 579 l 0 579 l 0 1 m 149 450 l 435 450 l 435 350 l 149 350 l 149 450 z "
    },
    "ë": {
      "ha": 721,
      "x_min": 0,
      "x_max": 583,
      "o": "m 0 579 l 583 579 l 583 232 l 149 232 l 149 138 l 583 138 l 583 1 l 0 1 l 0 579 m 149 350 l 435 350 l 435 450 l 149 450 l 149 350 m 129 789 l 240 789 l 240 678 l 129 678 l 129 789 m 467 789 l 467 678 l 351 678 l 351 789 l 467 789 z "
    },
    "î": {
      "ha": 360,
      "x_min": -25,
      "x_max": 286,
      "o": "m 64 3 l 207 3 l 207 572 l 64 572 l 64 3 m 174 790 l 286 738 l 286 656 l 240 656 l 128 713 l 21 656 l -25 656 l -25 738 l 88 790 l 174 790 z "
    },
    "æ": {
      "ha": 1171,
      "x_min": 3,
      "x_max": 1019,
      "o": "m 1019 231 l 585 231 l 585 131 l 1019 131 l 1019 1 l 3 1 l 3 349 l 438 349 l 438 443 l 3 443 l 3 579 l 1019 579 l 1019 231 m 438 231 l 151 231 l 151 131 l 438 131 l 438 231 m 871 443 l 585 443 l 585 349 l 871 349 l 871 443 z "
    },
    "ò": {
      "ha": 733,
      "x_min": 0,
      "x_max": 583,
      "o": "m 0 578 l 0 0 l 583 0 l 583 578 l 0 578 m 435 143 l 149 143 l 149 435 l 435 435 l 435 143 m 369 658 l 263 658 l 131 792 l 288 792 l 369 658 z "
    },
    "ð": {
      "ha": 721,
      "x_min": 0,
      "x_max": 578,
      "o": "m 435 583 l 290 768 l 433 768 l 578 579 l 578 0 l 0 0 l 0 583 l 435 583 m 143 149 l 435 149 l 435 435 l 143 435 l 143 149 z "
    },
    "ó": {
      "ha": 738,
      "x_min": 0,
      "x_max": 583,
      "o": "m 0 578 l 0 0 l 583 0 l 583 578 l 0 578 m 435 143 l 149 143 l 149 435 l 435 435 l 435 143 m 283 771 l 435 771 l 310 638 l 201 638 l 283 771 z "
    },
    "ô": {
      "ha": 733,
      "x_min": 0,
      "x_max": 583,
      "o": "m 0 578 l 0 0 l 583 0 l 583 578 l 0 578 m 435 143 l 149 143 l 149 435 l 435 435 l 435 143 m 328 793 l 439 740 l 439 658 l 393 658 l 281 715 l 174 658 l 128 658 l 128 740 l 240 793 l 328 793 z "
    },
    "õ": {
      "ha": 738,
      "x_min": 0,
      "x_max": 583,
      "o": "m 583 578 l 583 0 l 0 0 l 0 578 l 583 578 m 435 435 l 149 435 l 149 143 l 435 143 l 435 435 m 501 792 l 501 649 l 253 649 l 253 719 l 176 719 l 176 649 l 72 649 l 72 792 l 325 792 l 325 719 l 396 719 l 396 792 l 501 792 z "
    },
    "ö": {
      "ha": 726,
      "x_min": 0,
      "x_max": 583,
      "o": "m 583 578 l 583 0 l 0 0 l 0 578 l 583 578 m 435 435 l 149 435 l 149 143 l 435 143 l 435 435 m 111 790 l 222 790 l 222 679 l 111 679 l 111 790 m 449 790 l 449 679 l 333 679 l 333 790 l 449 790 z "
    },
    "ù": {
      "ha": 726,
      "x_min": 0,
      "x_max": 578,
      "o": "m 578 576 l 435 576 l 435 142 l 143 142 l 143 576 l 0 576 l 0 -1 l 578 -1 l 578 576 m 369 638 l 263 638 l 131 771 l 288 771 l 369 638 z "
    },
    "ú": {
      "ha": 718,
      "x_min": 0,
      "x_max": 578,
      "o": "m 578 576 l 435 576 l 435 142 l 143 142 l 143 576 l 0 576 l 0 -1 l 578 -1 l 578 576 m 283 792 l 435 792 l 310 658 l 201 658 l 283 792 z "
    },
    "û": {
      "ha": 726,
      "x_min": 0,
      "x_max": 578,
      "o": "m 578 576 l 435 576 l 435 142 l 143 142 l 143 576 l 0 576 l 0 -1 l 578 -1 l 578 576 m 328 792 l 439 739 l 439 657 l 393 657 l 281 714 l 174 657 l 128 657 l 128 739 l 240 792 l 328 792 z "
    },
    "ü": {
      "ha": 579,
      "x_min": 0,
      "x_max": 578,
      "o": "m 578 -1 l 0 -1 l 0 576 l 143 576 l 143 142 l 435 142 l 435 576 l 578 576 l 578 -1 m 114 793 l 225 793 l 225 682 l 114 682 l 114 793 m 451 793 l 451 682 l 336 682 l 336 793 l 451 793 z "
    },
    "ñ": {
      "ha": 722,
      "x_min": 0,
      "x_max": 578,
      "o": "m 578 578 l 578 0 l 435 0 l 435 435 l 143 435 l 143 0 l 0 0 l 0 578 l 578 578 m 510 792 l 510 649 l 263 649 l 263 721 l 185 721 l 185 649 l 81 649 l 81 792 l 333 792 l 333 721 l 406 721 l 406 792 l 510 792 z "
    },
    "»": {
      "ha": 1126,
      "x_min": -1,
      "x_max": 1017,
      "o": "m 506 726 l 1017 511 l 1017 363 l 506 149 l 506 292 l 849 435 l 506 583 l 506 726 m -1 726 l 510 511 l 510 363 l -1 149 l -1 292 l 342 435 l -1 583 l -1 726 z "
    },
    "¼": {
      "ha": 711,
      "x_min": 1,
      "x_max": 599,
      "o": "m 218 546 l 218 475 l 1 475 l 1 546 l 75 546 l 75 764 l 1 764 l 1 838 l 147 838 l 147 546 l 218 546 m 599 4 l 524 4 l 524 150 l 378 150 l 378 367 l 453 367 l 453 221 l 524 221 l 524 367 l 599 367 l 599 4 m 125 0 l 31 0 l 465 838 l 565 838 l 125 0 z "
    },
    "¾": {
      "ha": 683,
      "x_min": 0,
      "x_max": 585,
      "o": "m 217 469 l 0 469 l 0 540 l 143 540 l 143 615 l 72 615 l 72 686 l 143 686 l 143 758 l 0 758 l 0 832 l 217 832 l 217 469 m 585 4 l 511 4 l 511 150 l 365 150 l 365 367 l 439 367 l 439 221 l 511 221 l 511 367 l 585 367 l 585 4 m 125 0 l 31 0 l 465 838 l 565 838 l 125 0 z "
    },
    "½": {
      "ha": 676,
      "x_min": 1,
      "x_max": 583,
      "o": "m 218 546 l 218 475 l 1 475 l 1 546 l 75 546 l 75 764 l 1 764 l 1 838 l 147 838 l 147 546 l 218 546 m 583 147 l 440 147 l 440 72 l 583 72 l 583 1 l 367 1 l 367 218 l 513 218 l 513 290 l 367 290 l 367 364 l 583 364 l 583 147 m 125 0 l 31 0 l 465 838 l 565 838 l 125 0 z "
    },
    "ý": {
      "ha": 728,
      "x_min": 0,
      "x_max": 578,
      "o": "m 578 578 l 435 578 l 435 143 l 143 143 l 143 578 l 0 578 l 0 0 l 363 0 l 225 -122 l 225 -215 l 338 -215 l 578 0 l 578 578 m 283 790 l 440 790 l 310 657 l 201 657 l 283 790 z "
    },
    "þ": {
      "ha": 735,
      "x_min": -1,
      "x_max": 576,
      "o": "m 142 0 l 142 -185 l -1 -185 l -1 768 l 142 768 l 142 583 l 576 583 l 576 0 l 142 0 m 142 149 l 433 149 l 433 435 l 142 435 l 142 149 z "
    },
    "ÿ": {
      "ha": 735,
      "x_min": 1,
      "x_max": 579,
      "o": "m 579 0 l 339 -215 l 226 -215 l 226 -122 l 364 0 l 1 0 l 1 578 l 144 578 l 144 143 l 436 143 l 436 578 l 579 578 l 579 0 m 126 790 l 238 790 l 238 679 l 126 679 l 126 790 m 464 790 l 464 679 l 349 679 l 349 790 l 464 790 z "
    },
    "ı": {
      "ha": 443,
      "x_min": 1,
      "x_max": 285,
      "o": "m 285 3 l 142 3 l 142 438 l 1 438 l 1 581 l 285 581 l 285 3 z "
    },
    "œ": {
      "ha": 1179,
      "x_min": 0,
      "x_max": 1018,
      "o": "m 1018 221 l 583 221 l 583 138 l 1018 138 l 1018 0 l 0 0 l 0 578 l 1018 578 l 1018 221 m 583 439 l 583 347 l 871 347 l 871 439 l 583 439 m 435 143 l 435 435 l 149 435 l 149 143 l 435 143 z "
    },
    "Œ": {
      "ha": 1390,
      "x_min": -1,
      "x_max": 1236,
      "o": "m 725 583 l 725 436 l 1236 436 l 1236 293 l 725 293 l 725 150 l 1236 150 l 1236 1 l -1 1 l -1 726 l 1236 726 l 1236 583 l 725 583 m 582 144 l 582 583 l 147 583 l 147 144 l 582 144 z "
    },
    "A": {
      "ha": 871,
      "x_min": 0,
      "x_max": 726,
      "o": "m 726 0 l 583 0 l 583 286 l 149 286 l 149 0 l 0 0 l 0 721 l 726 721 l 726 0 m 583 578 l 149 578 l 149 435 l 583 435 l 583 578 z "
    },
    "B": {
      "ha": 882,
      "x_min": 0,
      "x_max": 726,
      "o": "m 726 0 l 0 0 l 0 726 l 726 726 l 726 0 m 583 292 l 149 292 l 149 149 l 583 149 l 583 292 m 583 583 l 149 583 l 149 435 l 583 435 l 583 583 z "
    },
    "C": {
      "ha": 886,
      "x_min": 0,
      "x_max": 726,
      "o": "m 149 578 l 149 143 l 726 143 l 726 0 l 0 0 l 0 721 l 726 721 l 726 578 l 149 578 z "
    },
    "Ł": {
      "ha": 660,
      "x_min": -4,
      "x_max": 503,
      "o": "m 144 772 l 288 772 l 288 481 l 431 569 l 431 499 l 288 408 l 288 156 l 503 156 l 503 8 l 144 8 l 144 319 l -4 231 l -4 301 l 144 392 l 144 772 z "
    },
    "ł": {
      "ha": 706,
      "x_min": 1,
      "x_max": 579,
      "o": "m 1 622 l 1 771 l 364 771 l 364 468 l 507 557 l 507 486 l 364 396 l 364 143 l 579 143 l 579 -6 l 221 -6 l 221 307 l 72 217 l 72 289 l 221 378 l 221 622 l 1 622 z "
    },
    "G": {
      "ha": 874,
      "x_min": 0,
      "x_max": 726,
      "o": "m 583 149 l 583 292 l 363 292 l 363 435 l 726 435 l 726 0 l 0 0 l 0 726 l 726 726 l 726 583 l 149 583 l 149 149 l 583 149 z "
    },
    "E": {
      "ha": 886,
      "x_min": 0,
      "x_max": 726,
      "o": "m 149 583 l 149 435 l 726 435 l 726 292 l 149 292 l 149 149 l 726 149 l 726 0 l 0 0 l 0 726 l 726 726 l 726 583 l 149 583 z "
    },
    "F": {
      "ha": 881,
      "x_min": 0,
      "x_max": 721,
      "o": "m 143 583 l 143 435 l 721 435 l 721 292 l 143 292 l 143 0 l 0 0 l 0 726 l 721 726 l 721 583 l 143 583 z "
    }
  },
  "familyName": "FORCED SQUARE",
  "ascender": 838,
  "descender": -239,
  "underlinePosition": -104,
  "underlineThickness": 69,
  "boundingBox": {
    "yMin": -239,
    "xMin": -164,
    "yMax": 1006,
    "xMax": 1236
  },
  "resolution": 1000,
  "original_font_information": {
    "format": 0,
    "copyright": "Copyright (c) 2014 by Paul IJsendoorn - Drawperfect. All rights reserved. http://www.drawperfect.com",
    "fontFamily": "FORCED SQUARE",
    "fontSubfamily": "Medium",
    "uniqueID": "pyrs: FORCED SQUARE: ",
    "fullName": "FORCED SQUARE",
    "version": "Version 1.000",
    "postScriptName": "FORCED SQUARE",
    "trademark": "Hiptobe is a trademark of Paul IJsendoorn.",
    "manufacturer": "Paul IJsendoorn - Drawperfect",
    "designer": "Paul IJsendoorn",
    "description": "Copyright (c) 2014 by Paul IJsendoorn - Drawperfect. All rights reserved. http://www.drawperfect.com",
    "manufacturerURL": "http://www.drawperfect.com/",
    "designerURL": "http://www.drawperfect.com/",
    "licence": "http://www.drawperfect.com/",
    "licenceURL": "http://www.drawperfect.com/"
  },
  "cssFontWeight": "normal",
  "cssFontStyle": "normal"
}